Workbook

Sheet 2010
A1: Población total
A2: Entidad y municipio : Total
A4: Consulta de: Población total con estimación Por: Edad Según: Sexo
F5: Prorrateo
B6: Total | C6: Hombre | D6: Mujer | F6: Total | G6: Hombre | H6: Mujer
A7: Total | B7: =SUM(B8:B27) -> 3406465 | C7: =SUM(C8:C27) -> 1692545 | D7: =SUM(D8:D27) -> 1713920 | F7: =SUM(F8:F26) -> 3406465 | G7: =SUM(G8:G26) -> 1692545 | H7: =SUM(H8:H26) -> 1713920
A8: De 0 a 1 año | B8: 58569 | C8: 29688 | D8: 28881 | F8: =B8+(B8/SUM(B$8:B$26)*B$27) -> 60405.019 | G8: =C8+(C8/SUM(C$8:C$26)*C$27) -> 30624.721 | H8: =D8+(D8/SUM(D$8:D$26)*D$27) -> 29780.539
A9: De 1 a 4 años | B9: 264107 | C9: 133919 | D9: 130188 | F9: =B9+(B9/SUM(B$8:B$26)*B$27) -> 272386.22 | G9: =C9+(C9/SUM(C$8:C$26)*C$27) -> 138144.43 | H9: =D9+(D9/SUM(D$8:D$26)*D$27) -> 134242.89
A10: De 5 a 9 años | B10: 335064 | C10: 170477 | D10: 164587 | F10: =B10+(B10/SUM(B$8:B$26)*B$27) -> 345567.58 | G10: =C10+(C10/SUM(C$8:C$26)*C$27) -> 175855.92 | H10: =D10+(D10/SUM(D$8:D$26)*D$27) -> 169713.29
A11: De 10 a 14 años | B11: 324661 | C11: 164749 | D11: 159912 | F11: =B11+(B11/SUM(B$8:B$26)*B$27) -> 334838.46 | G11: =C11+(C11/SUM(C$8:C$26)*C$27) -> 169947.19 | H11: =D11+(D11/SUM(D$8:D$26)*D$27) -> 164892.68
A12: De 15 a 19 años | B12: 322034 | C12: 162488 | D12: 159546 | F12: =B12+(B12/SUM(B$8:B$26)*B$27) -> 332129.11 | G12: =C12+(C12/SUM(C$8:C$26)*C$27) -> 167614.85 | H12: =D12+(D12/SUM(D$8:D$26)*D$27) -> 164515.28
A13: De 20 a 24 años | B13: 285872 | C13: 142953 | D13: 142919 | F13: =B13+(B13/SUM(B$8:B$26)*B$27) -> 294833.51 | G13: =C13+(C13/SUM(C$8:C$26)*C$27) -> 147463.48 | H13: =D13+(D13/SUM(D$8:D$26)*D$27) -> 147370.41
A14: De 25 a 29 años | B14: 255036 | C14: 126385 | D14: 128651 | F14: =B14+(B14/SUM(B$8:B$26)*B$27) -> 263030.86 | G14: =C14+(C14/SUM(C$8:C$26)*C$27) -> 130372.72 | H14: =D14+(D14/SUM(D$8:D$26)*D$27) -> 132658.02
A15: De 30 a 34 años | B15: 251304 | C15: 124137 | D15: 127167 | F15: =B15+(B15/SUM(B$8:B$26)*B$27) -> 259181.87 | G15: =C15+(C15/SUM(C$8:C$26)*C$27) -> 128053.79 | H15: =D15+(D15/SUM(D$8:D$26)*D$27) -> 131127.8
A16: De 35 a 39 años | B16: 259968 | C16: 128448 | D16: 131520 | F16: =B16+(B16/SUM(B$8:B$26)*B$27) -> 268117.47 | G16: =C16+(C16/SUM(C$8:C$26)*C$27) -> 132500.81 | H16: =D16+(D16/SUM(D$8:D$26)*D$27) -> 135616.38
A17: De 40 a 44 años | B17: 222756 | C17: 109944 | D17: 112812 | F17: =B17+(B17/SUM(B$8:B$26)*B$27) -> 229738.95 | G17: =C17+(C17/SUM(C$8:C$26)*C$27) -> 113412.97 | H17: =D17+(D17/SUM(D$8:D$26)*D$27) -> 116325.69
A18: De 45 a 49 años | B18: 183153 | C18: 89363 | D18: 93790 | F18: =B18+(B18/SUM(B$8:B$26)*B$27) -> 188894.48 | G18: =C18+(C18/SUM(C$8:C$26)*C$27) -> 92182.596 | H18: =D18+(D18/SUM(D$8:D$26)*D$27) -> 96711.221
A19: De 50 a 54 años | B19: 149069 | C19: 71988 | D19: 77081 | F19: =B19+(B19/SUM(B$8:B$26)*B$27) -> 153742.01 | G19: =C19+(C19/SUM(C$8:C$26)*C$27) -> 74259.377 | H19: =D19+(D19/SUM(D$8:D$26)*D$27) -> 79481.796
... A26: 85 y más años | B26: 14865 | C26: 6328 | D26: 8537 | F26: =B26+(B26/SUM(B$8:B$26)*B$27) -> 15330.988 | G26: =C26+(C26/SUM(C$8:C$26)*C$27) -> 6527.6621 | H26: =D26+(D26/SUM(D$8:D$26)*D$27) -> 8802.8969
A27: No especificado | B27: 103540 | C27: 51770 | D27: 51770
A31: FUENTE: INEGI. Censo de Población y Vivienda 2010.

Sheet 2020
A1: Población total
A2: Entidad y municipio : Total
A4: Consulta de: Población total Por: Edad Según: Sexo | F4: Valores Prorateados
F5: 2020
B6: Total | C6: Hombres | D6: Mujeres | F6: Total | G6: Hombres | H6: Mujeres
A7: Total | B7: 3741869 | C7: 1853822 | D7: 1888047 | F7: =SUM(F8:F26) -> 3741869 | G7: =SUM(G8:G26) -> 1853822 | H7: =SUM(H8:H26) -> 1888047
A8: De 0 a 1 año | B8: =C8+D8 -> 49958 | C8: 25323 | D8: 24635 | F8: =B8+(B8/SUM(B$8:B$26))*B$27 -> 50060.198 | G8: =C8+(C8/SUM(C$8:C$26))*C$27 -> 25375.193 | H8: =D8+(D8/SUM(D$8:D$26))*D$27 -> 24685.023
A9: De 1 a 4 años | B9: =C9+D9 -> 241328 | C9: 122287 | D9: 119041 | F9: =B9+(B9/SUM(B$8:B$26))*B$27 -> 241821.68 | G9: =C9+(C9/SUM(C$8:C$26))*C$27 -> 122539.04 | H9: =D9+(D9/SUM(D$8:D$26))*D$27 -> 119282.72
A10: De 5 a 9 años | B10: 317322 | C10: 161182 | D10: 156140 | F10: =B10+(B10/SUM(B$8:B$26))*B$27 -> 317971.14 | G10: =C10+(C10/SUM(C$8:C$26))*C$27 -> 161514.21 | H10: =D10+(D10/SUM(D$8:D$26))*D$27 -> 156457.05
A11: De 10 a 14 años | B11: 333715 | C11: 169615 | D11: 164100 | F11: =B11+(B11/SUM(B$8:B$26))*B$27 -> 334397.67 | G11: =C11+(C11/SUM(C$8:C$26))*C$27 -> 169964.59 | H11: =D11+(D11/SUM(D$8:D$26))*D$27 -> 164433.21
A12: De 15 a 19 años | B12: 326333 | C12: 165942 | D12: 160391 | F12: =B12+(B12/SUM(B$8:B$26))*B$27 -> 327000.57 | G12: =C12+(C12/SUM(C$8:C$26))*C$27 -> 166284.02 | H12: =D12+(D12/SUM(D$8:D$26))*D$27 -> 160716.68
A13: De 20 a 24 años | B13: 314067 | C13: 157281 | D13: 156786 | F13: =B13+(B13/SUM(B$8:B$26))*B$27 -> 314709.48 | G13: =C13+(C13/SUM(C$8:C$26))*C$27 -> 157605.17 | H13: =D13+(D13/SUM(D$8:D$26))*D$27 -> 157104.36
A14: De 25 a 29 años | B14: 298299 | C14: 147844 | D14: 150455 | F14: =B14+(B14/SUM(B$8:B$26))*B$27 -> 298909.22 | G14: =C14+(C14/SUM(C$8:C$26))*C$27 -> 148148.72 | H14: =D14+(D14/SUM(D$8:D$26))*D$27 -> 150760.51
A15: De 30 a 34 años | B15: 275644 | C15: 135649 | D15: 139995 | F15: =B15+(B15/SUM(B$8:B$26))*B$27 -> 276207.88 | G15: =C15+(C15/SUM(C$8:C$26))*C$27 -> 135928.58 | H15: =D15+(D15/SUM(D$8:D$26))*D$27 -> 140279.27
A16: De 35 a 39 años | B16: 263669 | C16: 130612 | D16: 133057 | F16: =B16+(B16/SUM(B$8:B$26))*B$27 -> 264208.38 | G16: =C16+(C16/SUM(C$8:C$26))*C$27 -> 130881.2 | H16: =D16+(D16/SUM(D$8:D$26))*D$27 -> 133327.18
A17: De 40 a 44 años | B17: 251983 | C17: 124354 | D17: 127629 | F17: =B17+(B17/SUM(B$8:B$26))*B$27 -> 252498.47 | G17: =C17+(C17/SUM(C$8:C$26))*C$27 -> 124610.3 | H17: =D17+(D17/SUM(D$8:D$26))*D$27 -> 127888.16
A18: De 45 a 49 años | B18: 248522 | C18: 123238 | D18: 125284 | F18: =B18+(B18/SUM(B$8:B$26))*B$27 -> 249030.39 | G18: =C18+(C18/SUM(C$8:C$26))*C$27 -> 123492 | H18: =D18+(D18/SUM(D$8:D$26))*D$27 -> 125538.4
A19: De 50 a 54 años | B19: 219930 | C19: 107604 | D19: 112326 | F19: =B19+(B19/SUM(B$8:B$26))*B$27 -> 220379.9 | G19: =C19+(C19/SUM(C$8:C$26))*C$27 -> 107825.78 | H19: =D19+(D19/SUM(D$8:D$26))*D$27 -> 112554.08
A20: De 55 a 59 años | B20: 173639 | C20: 84028 | D20: 89611 | F20: =B20+(B20/SUM(B$8:B$26))*B$27 -> 173994.21 | G20: =C20+(C20/SUM(C$8:C$26))*C$27 -> 84201.188 | H20: =D20+(D20/SUM(D$8:D$26))*D$27 -> 89792.959
A21: De 60 a 64 años | B21: 140861 | C21: 66530 | D21: 74331 | F21: =B21+(B21/SUM(B$8:B$26))*B$27 -> 141149.16 | G21: =C21+(C21/SUM(C$8:C$26))*C$27 -> 66667.123 | H21: =D21+(D21/SUM(D$8:D$26))*D$27 -> 74481.933
... A26: 85 años y más | B26: 22346 | C26: 9334 | D26: 13012 | F26: =B26+(B26/SUM(B$8:B$26))*B$27 -> 22391.713 | G26: =C26+(C26/SUM(C$8:C$26))*C$27 -> 9353.238 | H26: =D26+(D26/SUM(D$8:D$26))*D$27 -> 13038.421
A27: No especificado | B27: 7639 | C27: 3813 | D27: 3826
A31: FUENTE: INEGI. Censo de Población y Vivienda 2020. Cuestionario Básico.

Sheet 2010 y 2020
G1: Censo 2010 | H1: 40518 | I1: =2010+(6-1)/12+12/365 -> 2010.4495
G2: Censo 2020 | H2: 15/03/2020 | I2: =2020+(3-1)/12+15/365 -> 2020.2078 | K2: Delta | L2: =I2-I1 -> 9.7582192
B3: 2010 | D3: 2020 | G3: Año Calculo | H3: =[1]Tasas!$AG$2+0.5 -> 2021.5
B4: Hombre | C4: Mujer | D4: Hombre | E4: Mujer | G4: r | H4: Hombre | I4: Mujer | K4: APV | L4: Hombre | M4: Mujer
A5: De 0 a 1 año | B5: ='2010'!G8 -> 30624.721 | C5: ='2010'!H8 -> 29780.539 | D5: ='2020'!G8 -> 25375.193 | E5: ='2020'!H8 -> 24685.023 | H5: =LN(D5/B5)/$L$2 -> -0.019269451 | I5: =LN(E5/C5)/$L$2 -> -0.01923081 | L5: =B5*EXP(H5*($H$3-$I$1)) -> 24751.134 | M5: =C5*EXP(I5*($H$3-$I$1)) -> 24079.14
A6: De 1 a 4 años | B6: ='2010'!G9 -> 138144.43 | C6: ='2010'!H9 -> 134242.89 | D6: ='2020'!G9 -> 122539.04 | E6: ='2020'!H9 -> 119282.72 | H6: =LN(D6/B6)/$L$2 -> -0.012284011 | I6: =LN(E6/C6)/$L$2 -> -0.012108183 | L6: =B6*EXP(H6*($H$3-$I$1)) -> 120609.23 | M6: =C6*EXP(I6*($H$3-$I$1)) -> 117430.87
A7: De 5 a 9 años | B7: ='2010'!G10 -> 175855.92 | C7: ='2010'!H10 -> 169713.29 | D7: ='2020'!G10 -> 161514.21 | E7: ='2020'!H10 -> 156457.05 | H7: =LN(D7/B7)/$L$2 -> -0.008717974 | I7: =LN(E7/C7)/$L$2 -> -0.0083344076 | L7: =B7*EXP(H7*($H$3-$I$1)) -> 159704.85 | M7: =C7*EXP(I7*($H$3-$I$1)) -> 154781.04
A8: De 10 a 14 años | B8: ='2010'!G11 -> 169947.19 | C8: ='2010'!H11 -> 164892.68 | D8: ='2020'!G11 -> 169964.59 | E8: ='2020'!H11 -> 164433.21 | H8: =LN(D8/B8)/$L$2 -> 1.0492395e-05 | I8: =LN(E8/C8)/$L$2 -> -0.00028595144 | L8: =B8*EXP(H8*($H$3-$I$1)) -> 169966.89 | M8: =C8*EXP(I8*($H$3-$I$1)) -> 164372.46
A9: De 15 a 19 años | B9: ='2010'!G12 -> 167614.85 | C9: ='2010'!H12 -> 164515.28 | D9: ='2020'!G12 -> 166284.02 | E9: ='2020'!H12 -> 160716.68 | H9: =LN(D9/B9)/$L$2 -> -0.00081690063 | I9: =LN(E9/C9)/$L$2 -> -0.0023939213 | L9: =B9*EXP(H9*($H$3-$I$1)) -> 166108.58 | M9: =C9*EXP(I9*($H$3-$I$1)) -> 160220.27
A10: De 20 a 24 años | B10: ='2010'!G13 -> 147463.48 | C10: ='2010'!H13 -> 147370.41 | D10: ='2020'!G13 -> 157605.17 | E10: ='2020'!H13 -> 157104.36 | H10: =LN(D10/B10)/$L$2 -> 0.0068160426 | I10: =LN(E10/C10)/$L$2 -> 0.0065545844 | L10: =B10*EXP(H10*($H$3-$I$1)) -> 158999.48 | M10: =C10*EXP(I10*($H$3-$I$1)) -> 158440.7
A11: De 25 a 29 años | B11: ='2010'!G14 -> 130372.72 | C11: ='2010'!H14 -> 132658.02 | D11: ='2020'!G14 -> 148148.72 | E11: ='2020'!H14 -> 150760.51 | H11: =LN(D11/B11)/$L$2 -> 0.013098618 | I11: =LN(E11/C11)/$L$2 -> 0.013108746 | L11: =B11*EXP(H11*($H$3-$I$1)) -> 150677.7 | M11: =C11*EXP(I11*($H$3-$I$1)) -> 153336.08
A12: De 30 a 34 años | B12: ='2010'!G15 -> 128053.79 | C12: ='2010'!H15 -> 131127.8 | D12: ='2020'!G15 -> 135928.58 | E12: ='2020'!H15 -> 140279.27 | H12: =LN(D12/B12)/$L$2 -> 0.0061157881 | I12: =LN(E12/C12)/$L$2 -> 0.0069134349 | L12: =B12*EXP(H12*($H$3-$I$1)) -> 137007.09 | M12: =C12*EXP(I12*($H$3-$I$1)) -> 141538.11
A13: De 35 a 39 años | B13: ='2010'!G16 -> 132500.81 | C13: ='2010'!H16 -> 135616.38 | D13: ='2020'!G16 -> 130881.2 | E13: ='2020'!H16 -> 133327.18 | H13: =LN(D13/B13)/$L$2 -> -0.0012603457 | I13: =LN(E13/C13)/$L$2 -> -0.0017445841 | L13: =B13*EXP(H13*($H$3-$I$1)) -> 130668.21 | M13: =C13*EXP(I13*($H$3-$I$1)) -> 133026.94
A14: De 40 a 44 años | B14: ='2010'!G17 -> 113412.97 | C14: ='2010'!H17 -> 116325.69 | D14: ='2020'!G17 -> 124610.3 | E14: ='2020'!H17 -> 127888.16 | H14: =LN(D14/B14)/$L$2 -> 0.0096488425 | I14: =LN(E14/C14)/$L$2 -> 0.0097110127 | L14: =B14*EXP(H14*($H$3-$I$1)) -> 126173.74 | M14: =C14*EXP(I14*($H$3-$I$1)) -> 129503.13
A15: De 45 a 49 años | B15: ='2010'!G18 -> 92182.596 | C15: ='2010'!H18 -> 96711.221 | D15: ='2020'!G18 -> 123492 | E15: ='2020'!H18 -> 125538.4 | H15: =LN(D15/B15)/$L$2 -> 0.029965001 | I15: =LN(E15/C15)/$L$2 -> 0.026734613 | L15: =B15*EXP(H15*($H$3-$I$1)) -> 128367.63 | M15: =C15*EXP(I15*($H$3-$I$1)) -> 129951.22
A16: De 50 a 54 años | B16: ='2010'!G19 -> 74259.377 | C16: ='2010'!H19 -> 79481.796 | D16: ='2020'!G19 -> 107825.78 | E16: ='2020'!H19 -> 112554.08 | H16: =LN(D16/B16)/$L$2 -> 0.038219341 | I16: =LN(E16/C16)/$L$2 -> 0.035652594 | L16: =B16*EXP(H16*($H$3-$I$1)) -> 113284.83 | M16: =C16*EXP(I16*($H$3-$I$1)) -> 117860.94
... A23: 85 y más años | B23: ='2010'!G26 -> 6527.6621 | C23: ='2010'!H26 -> 8802.8969 | D23: ='2020'!G26 -> 9353.238 | E23: ='2020'!H26 -> 13038.421 | H23: =LN(D23/B23)/$L$2 -> 0.036858543 | I23: =LN(E23/C23)/$L$2 -> 0.040255259 | L23: =B23*EXP(H23*($H$3-$I$1)) -> 9809.5126 | M23: =C23*EXP(I23*($H$3-$I$1)) -> 13734.623
B25: =SUM(B5:C23) -> 3406465 | D25: =SUM(D5:E23) -> 3741869 | E25: Para cambiar el valor del año de calculo, se debe cambiar el valor reg en el documento TasasMortalidad-Demografia-GHJZ-LVSK.xlsx
